forum,thread,threadLink,views,threadPosts,postNumber,screenname,post,document
community-help,ist es besser | ECO Forum,https://ecoforum.strangeloopgames.com/topic/4998/ist-es-besser,177,1,1,florian26121995,mein,text166
community-help,Cant create Law´s | ECO Forum,https://ecoforum.strangeloopgames.com/topic/4654/cant-create-law-s,635,6,4,ShaydenMac,Schmelzofen,text282
community-help,animals and plants won't spawn on super-small world | ECO Forum,https://ecoforum.strangeloopgames.com/topic/4569/animals-and-plants-won-t-spawn-on-super-small-world,618,4,4,ShaydenMac,steht,text325
community-help,How to set server to public? | ECO Forum,https://ecoforum.strangeloopgames.com/topic/4093/how-to-set-server-to-public,386,1,1,leksar,unter,text529
community-help,How to redeem game on steam | ECO Forum,https://ecoforum.strangeloopgames.com/topic/3310/how-to-redeem-game-on-steam,8181,28,8,Zecharian,der,text846
community-help,steam keys still not received | ECO Forum,https://ecoforum.strangeloopgames.com/topic/3536/steam-keys-still-not-received,742,4,1,Pazzopg,Erde,text864
community-help,Bought a two pack but with no other key received. | ECO Forum,https://ecoforum.strangeloopgames.com/topic/3350/bought-a-two-pack-but-with-no-other-key-received,1531,7,6,Camouflage,oben,text939
community-help,Eco not available in Steam | ECO Forum,https://ecoforum.strangeloopgames.com/topic/3432/eco-not-available-in-steam,423,1,1,zeitglanz,ist,text944
community-help,Framerate/Game using 100% CPU | ECO Forum,https://ecoforum.strangeloopgames.com/topic/598/framerate-game-using-100-cpu,5366,12,7,NoBlackThunder,die,text1126
community-help,Framerate/Game using 100% CPU | ECO Forum,https://ecoforum.strangeloopgames.com/topic/598/framerate-game-using-100-cpu,5366,12,12,DeadSchism,Erde,text1131
community-help,Fullscreen on Linux | ECO Forum,https://ecoforum.strangeloopgames.com/topic/2806/fullscreen-on-linux,3444,15,8,buskmann,vertrocknet,text1213
community-help,Fullscreen on Linux | ECO Forum,https://ecoforum.strangeloopgames.com/topic/2806/fullscreen-on-linux,3444,15,11,Fank,soll,text1216
community-help,localhost server disconnects after 30 secs. shows as offline | ECO Forum,https://ecoforum.strangeloopgames.com/topic/2712/localhost-server-disconnects-after-30-secs-shows-as-offline,1826,8,6,Miisa,ich,text1382
community-help,Server Crash on startup on 5.6 | ECO Forum,https://ecoforum.strangeloopgames.com/topic/2599/server-crash-on-startup-on-5-6,1497,7,1,Amphysbaenas,da,text1429
community-help,How do I actually pull the cart along? | ECO Forum,https://ecoforum.strangeloopgames.com/topic/2612/how-do-i-actually-pull-the-cart-along,4456,17,16,Neuro,eine,text1501
community-help,[Alpha 5.6.0] Crash on start | ECO Forum,https://ecoforum.strangeloopgames.com/topic/2597/alpha-5-6-0-crash-on-start,1430,4,1,Endimmion,Rohr,text1530
community-help,Attempted to place steel on ground caused corrupted chunk | ECO Forum,https://ecoforum.strangeloopgames.com/topic/2582/attempted-to-place-steel-on-ground-caused-corrupted-chunk,647,2,1,peterfc,befestigen,text1613
community-help,Powering the Pumpjack | ECO Forum,https://ecoforum.strangeloopgames.com/topic/2186/powering-the-pumpjack,5088,3,3,Zaskersky,wo,text1960
community-help,What am I doing wrong with farming? | ECO Forum,https://ecoforum.strangeloopgames.com/topic/2064/what-am-i-doing-wrong-with-farming,2250,8,8,Lhamabomb,ich,text2008
community-help,Trying to start on Ubuntu | ECO Forum,https://ecoforum.strangeloopgames.com/topic/1974/trying-to-start-on-ubuntu,881,4,2,NoBlackThunder,nach,text2088
community-help,Computer/ Laptop Preferences | ECO Forum,https://ecoforum.strangeloopgames.com/topic/1651/computer-laptop-preferences,1413,5,3,Zaskersky,oben,text2362
community-help,demo/ try out version for eco?? | ECO Forum,https://ecoforum.strangeloopgames.com/topic/1628/demo-try-out-version-for-eco,1505,5,2,Talus,führe,text2405
community-help,Stuck on connecting screen official EU server | ECO Forum,https://ecoforum.strangeloopgames.com/topic/1527/stuck-on-connecting-screen-official-eu-server,1880,6,1,EcoEddie,oder,text2417
community-help,Question about Classroom Special | ECO Forum,https://ecoforum.strangeloopgames.com/topic/1248/question-about-classroom-special,1262,4,4,Koga Wolfe,ist,text2766
community-help,How to host a  server | ECO Forum,https://ecoforum.strangeloopgames.com/topic/956/how-to-host-a-server,5365,20,15,NoBlackThunder,es,text3034
community-help,I just can't get the server online | ECO Forum,https://ecoforum.strangeloopgames.com/topic/890/i-just-can-t-get-the-server-online,8718,15,14,Nomadical,gleich,text3118
community-help,Antivirus doesn't trust a game file? | ECO Forum,https://ecoforum.strangeloopgames.com/topic/814/antivirus-doesn-t-trust-a-game-file,3355,11,3,NoBlackThunder,besser,text3231
community-help,How to improve FPS? | ECO Forum,https://ecoforum.strangeloopgames.com/topic/816/how-to-improve-fps,3016,10,1,TeaTree,ins,text3240
community-help,"Server Hosting Problems, Windows Server2012 R2 | ECO Forum",https://ecoforum.strangeloopgames.com/topic/697/server-hosting-problems-windows-server2012-r2,2238,6,2,Metachronism,Meer,text3276
community-help,Starting Out Help | ECO Forum,https://ecoforum.strangeloopgames.com/topic/639/starting-out-help,2377,7,3,hybridohio,zu,text3388
community-help,Running server on Linux | ECO Forum,https://ecoforum.strangeloopgames.com/topic/584/running-server-on-linux,10891,15,1,Th3B0Y,führen,text3475
community-help,Unable to move!? | ECO Forum,https://ecoforum.strangeloopgames.com/topic/490/unable-to-move,2472,6,2,SLG_K,und,text3624
community-help,cant setup server get tis error anny help | ECO Forum,https://ecoforum.strangeloopgames.com/topic/443/cant-setup-server-get-tis-error-anny-help,1788,4,1,xxdolcexx,noch,text3634
general,Problemas de Idioma????? | ECO Forum,https://ecoforum.strangeloopgames.com/topic/5083/problemas-de-idioma,191,1,1,naskely,so,text4286
general,Steam Engine makes leectricity? What am I missing? | ECO Forum,https://ecoforum.strangeloopgames.com/topic/4857/steam-engine-makes-leectricity-what-am-i-missing,909,8,6,zytukin,eine,text4381
general,Blast furnace causing ground pollution | ECO Forum,https://ecoforum.strangeloopgames.com/topic/3281/blast-furnace-causing-ground-pollution,1636,4,2,Thor8472,Frage,text4605
general,Steam keys | ECO Forum,https://ecoforum.strangeloopgames.com/topic/4013/steam-keys,2096,9,8,Susuwatari,ist,text4690
general,Wondering if it's fun to play with only 2 other friends. | ECO Forum,https://ecoforum.strangeloopgames.com/topic/4038/wondering-if-it-s-fun-to-play-with-only-2-other-friends,934,2,1,Linkshot,es,text4719
general,Server hosts for australia | ECO Forum,https://ecoforum.strangeloopgames.com/topic/2739/server-hosts-for-australia,2204,6,2,Miisa,besser,text4748
general,OBAT HIPERTIROID | ECO Forum,https://ecoforum.strangeloopgames.com/topic/2948/obat-hipertiroid,371,1,1,venitamarani,die,text5258
general,Best food combos for different skill levels in 5.5.4 | ECO Forum,https://ecoforum.strangeloopgames.com/topic/2244/best-food-combos-for-different-skill-levels-in-5-5-4,16041,25,1,voyagebass,Schlacke,text5267
general,Best food combos for different skill levels in 5.5.4 | ECO Forum,https://ecoforum.strangeloopgames.com/topic/2244/best-food-combos-for-different-skill-levels-in-5-5-4,16041,25,4,voyagebass,liegt,text5270
general,Best food combos for different skill levels in 5.5.4 | ECO Forum,https://ecoforum.strangeloopgames.com/topic/2244/best-food-combos-for-different-skill-levels-in-5-5-4,16041,25,20,MagicBackPack,direkt,text5286
general,Skill point gain research - updated 21/02/2017 | ECO Forum,https://ecoforum.strangeloopgames.com/topic/1284/skill-point-gain-research-updated-21-02-2017,50383,55,1,Foolish_Crok,auf,text5525
general,"What fuel do ""Powered Carts"" take? | ECO Forum",https://ecoforum.strangeloopgames.com/topic/2575/what-fuel-do-powered-carts-take,1238,3,2,LockoutX,dem,text5609
general,Account servers down? | ECO Forum,https://ecoforum.strangeloopgames.com/topic/2384/account-servers-down,2136,7,3,tomassonl,Bedrock,text5831
general,Hunting hares | ECO Forum,https://ecoforum.strangeloopgames.com/topic/1557/hunting-hares,5722,15,2,Advent_Cloud,es,text6278
general,Hunting hares | ECO Forum,https://ecoforum.strangeloopgames.com/topic/1557/hunting-hares,5722,15,11,DookTheFirst,gibt,text6287
general,Invert y | ECO Forum,https://ecoforum.strangeloopgames.com/topic/1864/invert-y,1131,5,2,NoBlackThunder,direkt,text6312
general,Server | ECO Forum,https://ecoforum.strangeloopgames.com/topic/1822/server,1003,4,1,bookworm,einen,text6347
general,Alpha 5.5 Staging current changelogs | ECO Forum,https://ecoforum.strangeloopgames.com/topic/1767/alpha-5-5-staging-current-changelogs,14160,22,16,Brexin212,Aufzugsschacht,text6378
general,How do you make charcoal | ECO Forum,https://ecoforum.strangeloopgames.com/topic/1613/how-do-you-make-charcoal,1580,6,1,Crua9,sollte,text6504
general,Stretch Goals | ECO Forum,https://ecoforum.strangeloopgames.com/topic/1008/stretch-goals,2585,7,6,Flirtle,ich,text7097
general,Disable the Meteor | ECO Forum,https://ecoforum.strangeloopgames.com/topic/888/disable-the-meteor,7086,7,7,Skitz0405,den,text7234
general,Depth of digging? | ECO Forum,https://ecoforum.strangeloopgames.com/topic/770/depth-of-digging,7260,12,11,Metachronism,Aufzug,text7331
general,Underground house | ECO Forum,https://ecoforum.strangeloopgames.com/topic/368/underground-house,2360,4,2,cyrus1087,eingang,text7705
general,High CPU usage | ECO Forum,https://ecoforum.strangeloopgames.com/topic/359/high-cpu-usage,1595,3,1,pe1uca,platzieren,text7752
general,How do we decide which name we want in the credits? | ECO Forum,https://ecoforum.strangeloopgames.com/topic/105/how-do-we-decide-which-name-we-want-in-the-credits,1766,6,6,NoBlackThunder,dass,text7884
ideas-feedback,Sewage and Waste | ECO Forum,https://ecoforum.strangeloopgames.com/topic/4885/sewage-and-waste,293,1,1,Funnybunnyofdoom,kein,text8008
ideas-feedback,Idea to improve storage | ECO Forum,https://ecoforum.strangeloopgames.com/topic/3772/idea-to-improve-storage,635,3,2,ClayC,freier,text8355
ideas-feedback,Realistic Biome Placement | ECO Forum,https://ecoforum.strangeloopgames.com/topic/3756/realistic-biome-placement,298,1,1,Shockr,Durchgang,text8379
ideas-feedback,Eco Law Suggestions in order to increase precipitation | ECO Forum,https://ecoforum.strangeloopgames.com/topic/2949/eco-law-suggestions-in-order-to-increase-precipitation,777,2,1,Banana_Rebel,ist,text8724
ideas-feedback,What is your current eductional plan for Eco ? | ECO Forum,https://ecoforum.strangeloopgames.com/topic/2149/what-is-your-current-eductional-plan-for-eco,1730,6,2,Arcanine,wegen,text9095
ideas-feedback,Flatbread and wheat | ECO Forum,https://ecoforum.strangeloopgames.com/topic/2115/flatbread-and-wheat,1724,6,1,robo336,der,text9128
ideas-feedback,New Medical Class | ECO Forum,https://ecoforum.strangeloopgames.com/topic/1783/new-medical-class,3016,11,8,Alex_Crazy,Strahlung,text9253
ideas-feedback,Some thoughts on: Private / Public storage & Agriculture / planting | ECO Forum,https://ecoforum.strangeloopgames.com/topic/1246/some-thoughts-on-private-public-storage-agriculture-planting,1882,4,2,Alastair Leith,oder,text9607
ideas-feedback,[Suggestion] Deeds | ECO Forum,https://ecoforum.strangeloopgames.com/topic/466/suggestion-deeds,2151,6,2,Psycho Romeo,ist,text9888
ideas-feedback,Credits at the Beginning of the Game instead of at the end | ECO Forum,https://ecoforum.strangeloopgames.com/topic/104/credits-at-the-beginning-of-the-game-instead-of-at-the-end,4181,13,3,NaturesAdvocate,das,text10025
modding,New items - Need help | ECO Forum,https://ecoforum.strangeloopgames.com/topic/3101/new-items-need-help,846,2,2,ClayC,relevant,text10399
modding,Clays Toolkit - v2.1 - For Alpha 5.6.1 | ECO Forum,https://ecoforum.strangeloopgames.com/topic/2616/clays-toolkit-v2-1-for-alpha-5-6-1,2783,7,1,ClayC,Versuchen,text10471
modding,"Clays Toolkit - v1.3 - For Alpha 5.5.3, 5.5.4 | ECO Forum",https://ecoforum.strangeloopgames.com/topic/2246/clays-toolkit-v1-3-for-alpha-5-5-3-5-5-4,13920,40,1,ClayC,Sie,text10478
modding,Clays Toolkit - v2.1 - For Alpha 5.6 | ECO Forum,https://ecoforum.strangeloopgames.com/topic/2601/clays-toolkit-v2-1-for-alpha-5-6,1201,3,1,ClayC,es,text10523
modding,Clays Toolkit - v2.1 - For Alpha 5.6 | ECO Forum,https://ecoforum.strangeloopgames.com/topic/2601/clays-toolkit-v2-1-for-alpha-5-6,1201,3,2,Lanthian,mit,text10524
modding,Clays Toolkit - v2 - For Alpha 5.6 | ECO Forum,https://ecoforum.strangeloopgames.com/topic/2546/clays-toolkit-v2-for-alpha-5-6,2734,10,1,ClayC,dem,text10529
modding,"Clays Toolkit - v2 - For Alpha 5.5.3, 5.5.4 | ECO Forum",https://ecoforum.strangeloopgames.com/topic/2324/clays-toolkit-v2-for-alpha-5-5-3-5-5-4,4753,15,1,ClayC,Befehl,text10549
